Volt,VoltR,VoltS,VoltT,Curr,CurrR,CurrS,CurrT,Temp,Humid,Ground,ActivePower,ActiveConsum,ReactiveConsum,MotorStatus,MCCounter
386,384,384,386,0.01,0.01,0.01,0.01,41.2,38,0,0,0,0,1,3213
386,384,384,386,0.01,0.01,0.01,0.01,41.2,38,0,0,0,0,1,3213
386,384,384,386,0.01,0.01,0.01,0.01,41.2,38,0,0,0,0,1,3213
386,384,384,386,6.16,6.16,5.92,3.38,41.2,38,0,17.2,0,0,1,3213
386,384,384,386,99.94,95.52,99.94,90.38,41.2,38,0,17.2,0,0,1,3213
386,384,384,386,189.89,187.37,189.89,185.21,41.2,38,0,17.2,0,0,1,3213
386,384,385,386,171.03,169.4,170.89,171.03,41.2,38,0,17.2,0,0,1,3213
386,384,384,386,23.79,23.79,23.38,23.19,41.2,38,0,17.19,0,0,1,3213
386,384,385,386,20.16,19.31,20.16,19.79,41.3,38,0,17.17,0,0,1,3213
386,384,385,386,19.42,18.71,19.42,18.99,41.3,38,0,17.15,0,0,1,3213
385,384,385,385,19.42,18.71,19.42,18.99,41.3,38,0,17.15,0,0,1,3213
385,384,385,385,19.1,18.3,19.1,18.64,41.3,38,0,17.15,0,0,1,3213
385,384,385,385,19.31,18.58,19.31,18.89,41.3,38,0,17.14,0,0,1,3213
385,384,385,385,19.12,18.43,19.12,18.7,41.3,38,0,17.14,0,0,1,3213
385,384,384,385,19.3,18.67,19.3,18.93,41.3,38,0,17.13,0,0,1,3213
385,385,385,385,19.36,18.67,19.36,18.93,41.3,38,0,17.13,0,0,1,3213
385,385,385,385,19.44,18.72,19.44,19.05,41.3,38,0,17.13,0,0,1,3213
385,385,385,385,19.62,18.9,19.62,19.18,41.3,38,0,17.11,0,0,1,3213
385,385,385,385,19.62,18.9,19.62,19.18,41.5,38,0,17.1,0,0,1,3213
385,385,384,385,19.55,18.73,19.55,19.09,41.5,38,0,17.09,0,0,1,3213
385,385,384,385,19.03,18.2,19.03,18.57,41.5,38,0,17.09,0,0,1,3213
385,385,384,385,19.61,18.86,19.61,19.16,41.5,38,0,17.09,0,0,1,3213
386,386,384,386,19.65,18.79,19.65,19.12,41.5,38,0,17.09,0,0,1,3213
386,386,384,386,19.8,19.03,19.8,19.3,41.5,38,0,17.08,0,0,1,3213
385,386,384,385,19.8,19.03,19.8,19.3,41.5,38,0,17.08,0,0,1,3213
386,385,384,386,19.56,18.72,19.56,19.03,41.5,38,0,17.07,0,0,1,3213
386,385,384,386,19.56,18.72,19.56,19.03,41.5,38,0,17.07,0,0,1,3213
386,385,384,386,19.74,18.99,19.74,19.23,41.5,38,0,17.06,0,0,1,3213
386,385,384,386,19.51,18.58,19.51,18.94,41.6,38,0,17.05,0,0,1,3213
386,385,384,386,19.71,18.85,19.71,19.16,41.6,38,0,17.05,0,0,1,3213
386,385,384,386,19.78,18.9,19.78,19.21,41.6,38,0,17.04,0,0,1,3213
386,385,384,386,19.78,18.9,19.78,19.21,41.6,38,0,17.03,0,0,1,3213
386,385,384,386,20.07,19.28,20.07,19.56,41.6,38,0,17.03,0,0,1,3213
386,385,384,386,20.07,19.28,20.07,19.56,41.6,38,0,17.02,0,0,1,3213
386,384,384,386,19.74,18.91,19.74,19.13,41.6,38,0,17.02,0,0,1,3213
386,384,384,386,19.96,19.21,19.96,19.42,41.6,38,0,17.01,0,0,1,3213
386,384,384,386,19.96,19.21,19.96,19.42,41.6,38,0,17,0,0,1,3213
386,384,384,386,19.78,19,19.78,19.25,41.6,38,0,17,0,0,1,3213
386,384,384,386,20.08,19.35,20.08,19.6,41.5,38,0,17,0,0,1,3213
386,384,384,386,20.08,19.35,20.08,19.6,41.5,38,0,16.98,0,0,1,3213
386,384,384,386,19.84,19.04,19.84,19.38,41.5,38,0,16.97,0,0,1,3213
386,384,384,386,20.32,19.57,20.32,19.86,41.5,38,0,16.96,0,0,1,3213
386,384,384,386,20.32,19.57,20.32,19.86,41.5,38,0,16.96,0,0,1,3213
386,384,384,386,19.86,19.05,19.86,19.39,41.5,38,0,16.96,0,0,1,3213
385,384,385,385,20.1,19.33,20.1,19.65,41.5,38,0,16.96,0,0,1,3213
386,384,385,386,19.61,18.78,19.61,19.15,41.5,38,0,16.95,0,0,1,3213
385,384,385,385,19.82,19.04,19.82,19.36,41.5,38,0,16.95,0,0,1,3213
385,385,385,385,20.01,19.2,20.01,19.57,41.5,38,0,16.94,0,0,1,3213
385,384,385,385,20.01,19.2,20.01,19.57,41.6,38,0,16.93,0,0,1,3213
385,385,385,385,19.94,19.15,19.94,19.48,41.6,38,0,16.93,0,0,1,3213
385,385,385,385,20.2,19.44,20.2,19.84,41.6,38,0,16.93,0,0,1,3213
385,385,384,385,20.23,19.43,20.23,19.81,41.6,38,0,16.93,0,0,1,3213
385,385,384,385,20.23,19.43,20.23,19.81,41.6,38,0,16.92,0,0,1,3213
385,385,384,385,20.28,19.45,20.28,19.79,41.6,38,0,16.92,0,0,1,3213
385,385,384,385,20.24,19.49,20.24,19.79,41.6,38,0,16.91,0,0,1,3213
385,385,384,385,20.24,19.49,20.24,19.79,41.6,38,0,16.9,0,0,1,3213
385,385,384,385,20.37,19.54,20.37,19.86,41.6,38,0,16.89,0,0,1,3213
385,385,384,385,20.44,19.69,20.44,19.97,41.8,38,0,16.89,0,0,1,3213
385,385,384,385,20.44,19.69,20.44,19.97,41.8,38,0,16.89,0,0,1,3213
385,385,384,385,20.18,19.43,20.18,19.72,41.8,38,0,16.88,0,0,1,3213
385,385,384,385,20.42,19.69,20.42,19.95,41.8,38,0,16.88,0,0,1,3213
386,385,383,386,20.42,19.69,20.42,19.95,41.8,38,0,16.88,0,0,1,3213
386,385,384,386,20.01,19.18,20.01,19.48,41.8,38,0,16.87,0,0,1,3213
386,385,384,386,20.29,19.55,20.29,19.83,41.8,38,0,16.87,0,0,1,3213
386,385,384,386,20.23,19.54,20.23,19.83,41.8,38,0,16.86,0,0,1,3213
386,384,383,386,20.73,20.03,20.73,20.26,41.8,38,0,16.86,0,0,1,3213
386,384,383,386,20.73,20.03,20.73,20.26,41.8,38,0,16.85,0,0,1,3213
386,384,383,386,20.37,19.65,20.37,19.93,41.8,38,0,16.84,0,0,1,3213
386,385,384,386,20.37,19.65,20.37,19.93,41.8,38,0,16.84,0,0,1,3213
386,384,384,386,20.62,19.91,20.62,20.21,41.8,38,0,16.84,0,0,1,3213
386,384,384,386,20.52,19.8,20.52,20.09,42.1,38,0,16.84,0,0,1,3213
386,384,384,386,20.52,19.8,20.52,20.09,42.1,38,0,16.84,0,0,1,3213
386,384,384,386,20.49,19.72,20.49,20.11,42.1,38,0,16.84,0,0,1,3213
386,384,384,386,20.65,19.91,20.65,20.25,42.1,38,0,16.84,0,0,1,3213
386,384,384,386,20.65,19.91,20.65,20.25,42.1,38,0,16.84,0,0,1,3213
386,384,384,386,20.45,19.62,20.45,20.02,42.1,38,0,16.84,0,0,1,3213
386,384,384,386,20.55,19.8,20.55,20.14,42.1,38,0,16.83,0,0,1,3213
386,384,384,386,20.55,19.8,20.55,20.14,42.1,38,0,16.83,0,0,1,3213
386,384,384,386,20.2,19.45,20.2,19.89,42.1,38,0,16.83,0,0,1,3213
386,384,384,386,20.6,19.89,20.6,20.25,42.1,38,0,16.83,0,0,1,3213
386,384,384,386,20.58,19.81,20.58,20.18,41.9,38,0,16.83,0,0,1,3213
386,384,384,386,20.58,19.8,20.58,20.18,41.9,38,0,16.83,0,0,1,3213
385,384,384,385,20.96,20.18,20.96,20.53,41.9,38,0,16.83,0,0,1,3213
385,384,384,385,20.72,19.97,20.72,20.27,41.9,38,0,16.82,0,0,1,3213
385,384,385,385,20.72,19.97,20.72,20.27,41.9,38,0,16.82,0,0,1,3213
385,384,384,385,20.95,20.14,20.95,20.44,41.9,38,0,16.82,0,0,1,3213
385,384,384,385,19.91,19.1,19.91,19.44,41.9,38,0,16.82,0,0,1,3213
385,385,384,385,19.91,19.1,19.91,19.44,41.9,38,0,16.82,0,0,1,3213
385,385,384,385,19.91,19.1,19.91,19.44,41.9,38,0,16.82,0,0,1,3213
385,385,384,385,21.03,20.34,21.03,20.56,41.9,38,0,16.82,0,0,1,3213
385,385,384,385,21.03,20.34,21.03,20.56,41.9,38,0,16.82,0,0,1,3213
385,385,384,385,20.59,19.82,20.59,20.1,41.9,38,0,16.81,0,0,1,3213
385,386,384,385,20.82,20.07,20.82,20.31,42.3,38,0,16.81,0,0,1,3213
386,386,384,386,20.75,20.07,20.75,20.31,42.3,38,0,16.81,0,0,1,3213
386,385,384,386,20.68,19.98,20.68,20.22,42.3,38,0,16.81,0,0,1,3213
386,385,384,386,20.73,20.04,20.73,20.33,42.3,38,0,16.81,0,0,1,3213
386,385,384,386,20.73,20.04,20.73,20.33,42.3,38,0,16.81,0,0,1,3213
386,386,384,386,20.47,19.82,20.47,19.97,42.3,38,0,16.81,0,0,1,3213
386,386,384,386,20.47,19.82,20.47,19.97,42.3,38,0,16.81,0,0,1,3213
386,386,384,386,20.47,19.82,20.47,19.97,42.3,38,0,16.8,0,0,1,3213
386,386,384,386,20.99,20.32,20.99,20.58,42.3,38,0,16.8,0,0,1,3213
386,386,384,386,20.75,20.06,20.75,20.32,42.6,38,0,16.8,0,0,1,3213
386,386,384,386,21.36,20.67,21.36,20.93,42.6,38,0,16.79,0,0,1,3213
386,386,384,386,20.72,20.05,20.72,20.36,42.6,38,0,16.79,0,0,1,3213
386,386,384,386,20.72,20.05,20.72,20.36,42.6,38,0,16.79,0,0,1,3213
386,386,384,386,20.72,20.05,20.72,20.36,42.6,38,0,16.79,0,0,1,3213
386,386,384,386,20.72,20.05,20.72,20.36,42.6,38,0,16.79,0,0,1,3213
386,386,384,386,21.33,20.59,21.33,20.88,42.6,38,0,16.79,0,0,1,3213
386,386,384,386,20.9,20.09,20.9,20.44,42.6,38,0,16.79,0,0,1,3213
386,386,384,386,21.08,20.31,21.08,20.59,42.6,38,0,16.78,0,0,1,3213
386,386,384,386,21.08,20.31,21.08,20.59,42.6,38,0,16.78,0,0,1,3213
386,386,384,386,21.01,20.22,21.01,20.51,42.6,38,0,16.78,0,0,1,3213
386,386,384,386,21.24,20.48,21.24,20.87,42.5,38,0,16.78,0,0,1,3213
386,386,384,386,21.24,20.48,21.24,20.87,42.5,38,0,16.78,0,0,1,3213
386,386,384,386,21.03,20.21,21.03,20.61,42.5,38,0,16.78,0,0,1,3213
386,386,384,386,21.23,20.41,21.23,20.76,42.5,38,0,16.78,0,0,1,3213
386,384,384,386,21.36,20.61,21.36,20.89,42.5,38,0,16.77,0,0,1,3213
385,384,385,385,21.36,20.61,21.36,20.89,42.5,38,0,16.77,0,0,1,3213
386,384,385,386,21.23,20.39,21.23,20.72,42.5,38,0,16.76,0,0,1,3213
385,384,384,385,21.23,20.39,21.23,20.72,42.5,38,0,16.76,0,0,1,3213
385,384,384,385,21.45,20.73,21.45,20.98,42.5,38,0,16.76,0,0,1,3213
385,384,385,385,21.26,20.51,21.26,20.79,42.5,38,0,16.76,0,0,1,3213
385,384,384,385,21.26,20.51,21.26,20.79,42.5,38,0,16.76,0,0,1,3213
385,385,385,385,21.25,20.54,21.25,20.76,42.5,38,0,16.76,0,0,1,3213
385,385,385,385,21.08,20.41,21.08,20.66,42.5,38,0,16.76,0,0,1,3213
385,385,385,385,21.08,20.41,21.08,20.66,42.5,38,0,16.76,0,0,1,3213
385,385,384,385,21.13,20.39,21.13,20.68,42.1,38,0,16.76,0,0,1,3213
385,385,384,385,21.22,20.5,21.22,20.73,42.1,38,0,16.75,0,0,1,3213
385,385,384,385,21.07,20.35,21.07,20.52,42.1,38,0,16.74,0,0,1,3213
385,385,384,385,21.3,20.64,21.3,20.82,42.1,38,0,16.74,0,0,1,3213
385,385,384,385,21.3,20.64,21.3,20.82,42.1,38,0,16.74,0,0,1,3213
385,385,384,385,21.2,20.51,21.2,20.73,42.1,38,0,16.74,0,0,1,3213
386,385,384,386,21.2,20.51,21.2,20.73,42.1,38,0,16.74,0,0,1,3213
386,385,384,386,21.35,20.67,21.35,20.91,42.1,38,0,16.74,0,0,1,3213
386,385,384,386,21.44,20.73,21.44,21.02,42.1,38,0,16.74,0,0,1,3213
386,385,384,386,21.44,20.73,21.44,21.02,42.1,38,0,16.74,0,0,1,3213
386,385,384,386,21.43,20.64,21.43,20.98,42.1,38,0,16.73,0,0,1,3213
386,385,384,386,21.38,20.66,21.38,20.97,42.1,38,0,16.73,0,0,1,3213
386,385,384,386,21.38,20.66,21.38,20.97,42.1,38,0,16.73,0,0,1,3213
386,385,384,386,21.06,20.28,21.06,20.58,42.1,38,0,16.73,0,0,1,3213
386,385,384,386,21.41,20.65,21.41,20.96,42.1,38,0,16.72,0,0,1,3213
386,384,384,386,21.41,20.65,21.41,20.96,42.1,38,0,16.72,0,0,1,3213
386,384,384,386,21.14,20.43,21.14,20.7,42.1,38,0,16.72,0,0,1,3213
386,384,384,386,21.16,20.4,21.16,20.82,42.1,38,0,16.72,0,0,1,3213
386,384,384,386,21.26,20.52,21.26,20.84,42.1,38,0,16.72,0,0,1,3213
386,384,384,386,21.26,20.52,21.26,20.84,42.1,38,0,16.72,0,0,1,3213
386,384,384,386,21.25,20.4,21.25,20.76,42.1,38,0,16.71,0,0,1,3213
386,384,384,386,21.45,20.64,21.45,20.95,42.1,38,0,16.71,0,0,1,3213
386,384,384,386,21.45,20.64,21.45,20.95,42.1,38,0,16.71,0,0,1,3213
386,384,384,386,21.32,20.55,21.32,20.82,42.1,38,0,16.71,0,0,1,3213
386,384,384,386,21.69,20.86,21.69,21.14,42.1,38,0,16.71,0,0,1,3213
386,384,385,386,21.69,20.86,21.69,21.14,42.1,38,0,16.71,0,0,1,3213
386,384,385,386,21.34,20.62,21.34,20.82,42.1,38,0,16.7,0,0,1,3213
386,384,385,386,21.21,20.45,21.21,20.7,42.1,38,0,16.7,0,0,1,3213
385,384,384,385,21.21,20.43,21.21,20.7,42.1,38,0,16.7,0,0,1,3213
385,384,384,385,21.44,20.68,21.44,20.92,42.1,38,0,16.69,0,0,1,3213
385,384,385,385,21.13,20.35,21.13,20.6,42.1,38,0,16.69,0,0,1,3213
385,384,385,385,21.13,20.35,21.13,20.6,42.1,38,0,16.69,0,0,1,3213
385,384,385,385,21.7,20.91,21.7,21.19,42.1,38,0,16.68,0,0,1,3213
385,385,385,385,21.27,20.52,21.27,20.78,42.1,38,0,16.68,0,0,1,3213
385,385,385,385,21.27,20.52,21.27,20.78,42.1,38,0,16.68,0,0,1,3213
385,385,385,385,21.11,20.31,21.11,20.65,42.1,38,0,16.68,0,0,1,3213
385,385,385,385,21.35,20.63,21.35,20.9,42.1,38,0,16.68,0,0,1,3213
385,385,385,385,21.35,20.63,21.35,20.9,42.1,38,0,16.68,0,0,1,3213
385,385,385,385,21.15,20.4,21.15,20.6,42.1,38,0,16.68,0,0,1,3213
385,385,385,385,21.39,20.74,21.39,20.89,42.1,38,0,16.68,0,0,1,3213
385,385,385,385,21.28,20.52,21.28,20.87,42.1,38,0,16.68,0,0,1,3213
385,385,385,385,21.56,20.83,21.56,21.1,42.1,38,0,16.67,0,0,1,3213
385,385,385,385,21.56,20.83,21.56,21.1,42.1,38,0,16.67,0,0,1,3213
385,385,385,385,21.33,20.6,21.33,20.87,42.1,38,0,16.67,0,0,1,3213
385,385,385,385,21.34,20.6,21.34,20.87,42.1,38,0,16.67,0,0,1,3213
385,384,384,385,21.34,20.48,21.34,20.85,42.1,38,0,16.67,0,0,1,3213
386,385,384,386,21.73,20.95,21.73,21.25,42.1,38,0,16.67,0,0,1,3213
386,385,384,386,21.15,20.35,21.15,20.66,42.1,38,0,16.67,0,0,1,3213
386,385,384,386,21.15,20.35,21.15,20.66,42.1,38,0,16.67,0,0,1,3213
386,385,384,386,21.4,20.55,21.4,20.87,42.1,38,0,16.67,0,0,1,3213
386,385,384,386,21.4,20.55,21.4,20.87,42.1,38,0,16.66,0,0,1,3213
386,385,384,386,21.38,20.59,21.38,20.9,42.1,38,0,16.66,0,0,1,3213
386,385,384,386,21.21,20.39,21.21,20.83,42.1,38,0,16.66,0,0,1,3213
386,385,384,386,21.41,20.61,21.41,20.88,42.1,38,0,16.66,0,0,1,3213
386,385,384,386,21.41,20.61,21.41,20.88,42.1,38,0,16.66,0,0,1,3213
386,385,384,386,21.22,20.35,21.22,20.72,42.1,38,0,16.66,0,0,1,3213
386,384,384,386,21.64,20.82,21.64,21.13,42.1,38,0,16.66,0,0,1,3213
386,384,384,386,21.64,20.82,21.64,21.13,42.1,38,0,16.66,0,0,1,3213
386,384,385,386,21.16,20.37,21.16,20.67,42.1,38,0,16.65,0,0,1,3213
386,384,385,386,21.54,20.72,21.54,21.01,42.1,38,0,16.65,0,0,1,3213
386,384,385,386,21.54,20.72,21.54,21.01,42.1,38,0,16.65,0,0,1,3213
386,384,385,386,21.73,20.97,21.73,21.2,42.1,38,0,16.65,0,0,1,3213
385,384,384,385,21.17,20.4,21.17,20.64,42.1,38,0,16.65,0,0,1,3213
386,384,384,386,21.56,20.87,21.56,21.1,42.1,38,0,16.64,0,0,1,3213
385,384,384,385,21.56,20.87,21.56,21.1,42.1,38,0,16.64,0,0,1,3213
385,384,384,385,21.19,20.42,21.19,20.67,42.1,38,0,16.64,0,0,1,3213
385,384,385,385,21.3,20.52,21.3,20.67,42.1,38,0,16.63,0,0,1,3213
385,384,385,385,21.3,20.52,21.3,20.66,42.1,38,0,16.63,0,0,1,3213
385,384,385,385,21.35,20.65,21.35,20.9,42.1,38,0,16.63,0,0,1,3213
385,384,384,385,21.35,20.65,21.35,20.9,42.1,38,0,16.63,0,0,1,3213
385,384,384,385,20.97,20.23,20.97,20.47,42.1,38,0,16.63,0,0,1,3213
385,385,385,385,21.58,20.9,21.58,21.05,42.1,38,0,16.62,0,0,1,3213
385,385,385,385,21.05,20.33,21.05,20.59,42.1,38,0,16.62,0,0,1,3213
385,385,385,385,21.04,20.31,21.04,20.55,42.1,38,0,16.62,0,0,1,3213
385,385,385,385,21.65,20.9,21.65,21.17,42.1,38,0,16.62,0,0,1,3213
385,385,384,385,21.49,20.79,21.49,21,42.1,38,0,16.62,0,0,1,3213
385,385,384,385,21.49,20.79,21.49,21,42.1,38,0,16.62,0,0,1,3213
385,385,384,385,21.38,20.56,21.38,20.9,42.1,38,0,16.62,0,0,1,3213
385,386,384,385,21.61,20.85,21.61,21.12,42.1,38,0,16.61,0,0,1,3213
386,386,384,386,21.61,20.85,21.61,21.12,42.1,38,0,16.61,0,0,1,3213
386,385,384,386,21.05,20.28,21.05,20.55,42.1,38,0,16.61,0,0,1,3213
385,385,384,385,20.66,19.88,20.66,20.13,42.1,38,0,16.61,0,0,1,3213
385,385,384,385,20.66,19.88,20.66,20.13,42.1,38,0,16.61,0,0,1,3213
386,385,384,386,21,20.37,21,20.64,42.1,38,0,16.6,0,0,1,3213
386,385,384,386,21.16,20.37,21.16,20.65,42.1,38,0,16.6,0,0,1,3213
386,385,384,386,21.41,20.68,21.41,21,42.1,38,0,16.6,0,0,1,3213
386,385,384,386,21.41,20.68,21.41,21,42.1,38,0,16.6,0,0,1,3213
386,385,384,386,21.2,20.32,21.2,20.67,42.1,38,0,16.6,0,0,1,3213
386,385,384,386,21.65,20.9,21.65,21.15,42.1,38,0,16.6,0,0,1,3213
386,384,384,386,21.65,20.9,21.65,21.15,42.1,38,0,16.6,0,0,1,3213
386,384,384,386,21.35,20.53,21.35,20.84,42.1,38,0,16.6,0,0,1,3213
386,384,384,386,21.57,20.77,21.57,21.03,42.1,38,0,16.59,0,0,1,3213
386,384,384,386,21.57,20.77,21.57,21.03,42.1,38,0,16.59,0,0,1,3213
386,384,384,386,21.6,20.77,21.6,21.07,42.1,38,0,16.59,0,0,1,3213
386,384,384,386,21.36,20.51,21.36,20.78,42.1,38,0,16.59,0,0,1,3213
386,384,384,386,21.36,20.51,21.36,20.78,42.1,38,0,16.59,0,0,1,3213
386,384,384,386,21.56,20.84,21.56,21.04,42.1,38,0,16.59,0,0,1,3213
386,384,384,386,21.41,20.61,21.41,20.85,42.1,38,0,16.59,0,0,1,3213
386,384,384,386,21.41,20.61,21.41,20.85,42.1,38,0,16.59,0,0,1,3213
385,384,385,385,21.49,20.77,21.49,20.98,42.1,38,0,16.59,0,0,1,3213
386,385,385,386,21.38,20.68,21.38,20.91,42.1,38,0,16.58,0,0,1,3213
385,385,385,385,21.38,20.68,21.38,20.91,42.1,38,0,16.58,0,0,1,3213
385,384,385,385,21.24,20.47,21.24,20.7,42.1,38,0,16.58,0,0,1,3213
385,384,385,385,21.16,20.43,21.16,20.64,42.1,38,0,16.58,0,0,1,3213
385,385,385,385,21.14,20.43,21.14,20.64,42.1,38,0,16.58,0,0,1,3213
385,385,385,385,21.06,20.31,21.06,20.56,42.1,38,0,16.58,0,0,1,3213
385,385,385,385,21.53,20.83,21.53,21,42.1,38,0,16.58,0,0,1,3213
385,385,385,385,21.39,20.65,21.39,20.83,42.1,38,0,16.57,0,0,1,3213
385,385,385,385,21.39,20.65,21.39,20.83,42.1,38,0,16.57,0,0,1,3213
385,385,385,385,21.45,20.72,21.45,20.95,42.1,38,0,16.57,0,0,1,3213
385,385,385,385,21.01,20.22,21.01,20.53,42.1,38,0,16.57,0,0,1,3213
385,385,384,385,20.11,19.43,20.11,19.63,42.1,38,0,16.57,0,0,1,3213
385,385,384,385,20.11,19.43,20.11,19.63,42.1,38,0,16.57,0,0,1,3213
385,385,384,385,21.55,20.77,21.55,21.06,42.1,38,0,16.57,0,0,1,3213
385,385,383,385,21.55,20.77,21.55,21.06,42.1,38,0,16.57,0,0,1,3213
385,385,383,385,21.43,20.57,21.43,20.85,42.1,38,0,16.57,0,0,1,3213
385,385,384,385,21.43,20.65,21.43,20.94,42.1,38,0,16.56,0,0,1,3213
385,385,383,385,20.62,19.76,20.62,20.05,42.1,38,0,16.56,0,0,1,3213
386,385,383,386,20.62,19.76,20.62,20.05,42.1,38,0,16.56,0,0,1,3213
386,385,383,386,20.62,19.76,20.62,20.05,42.1,38,0,16.56,0,0,1,3213
386,385,383,386,21.44,20.68,21.44,21,42.1,38,0,16.56,0,0,1,3213
386,385,384,386,21.44,20.68,21.44,21,42.1,38,0,16.56,0,0,1,3213
386,385,384,386,21.48,20.58,21.48,20.99,42.1,38,0,16.55,0,0,1,3213
386,385,384,386,21.52,20.7,21.52,20.99,42.1,38,0,16.55,0,0,1,3213
386,384,384,386,21.52,20.7,21.52,20.99,42.1,38,0,16.55,0,0,1,3213
386,384,384,386,21.4,20.64,21.4,20.91,42.1,38,0,16.55,0,0,1,3213
386,384,384,386,21.68,20.83,21.68,21.12,42.1,38,0,16.55,0,0,1,3213
386,384,385,386,21.68,20.83,21.68,21.12,42.1,38,0,16.55,0,0,1,3213
386,384,385,386,21.53,20.77,21.53,21.02,42.5,38,0,16.55,0,0,1,3213
386,384,384,386,21.47,20.65,21.47,20.93,42.5,38,0,16.55,0,0,1,3213
386,384,384,386,21.54,20.76,21.54,21,42.5,38,0,16.54,0,0,1,3213
386,384,385,386,21.54,20.76,21.54,21,42.5,38,0,16.54,0,0,1,3213
386,384,384,386,21.01,20.27,21.01,20.55,42.5,38,0,16.54,0,0,1,3213
385,384,385,385,21.14,20.35,21.14,20.55,42.5,38,0,16.54,0,0,1,3213
385,384,385,385,21.39,20.64,21.39,20.91,42.5,38,0,16.54,0,0,1,3213
385,384,385,385,21.31,20.55,21.31,20.76,42.5,38,0,16.54,0,0,1,3213
385,384,385,385,21.5,20.74,21.5,20.89,42.5,38,0,16.54,0,0,1,3213
385,384,385,385,21.51,20.79,21.51,20.97,42.5,38,0,16.54,0,0,1,3213
385,384,384,385,21.51,20.79,21.51,20.97,42.5,38,0,16.54,0,0,1,3213
385,384,384,385,21.27,20.48,21.27,20.73,42.5,38,0,16.54,0,0,1,3213
385,385,385,385,21.6,20.87,21.6,21.1,42.5,38,0,16.54,0,0,1,3213
385,385,384,385,21.6,20.87,21.6,21.1,42.5,38,0,16.54,0,0,1,3213
385,385,385,385,21.41,20.66,21.41,20.91,42.5,38,0,16.54,0,0,1,3213
385,385,385,385,21.41,20.66,21.41,20.91,42.5,38,0,16.54,0,0,1,3213
385,385,385,385,21.51,20.67,21.51,21.04,42.5,38,0,16.53,0,0,1,3213
385,385,384,385,21.51,20.74,21.51,21.02,42.5,38,0,16.53,0,0,1,3213
385,385,384,385,21.51,20.74,21.51,21.02,42.5,38,0,16.53,0,0,1,3213
385,385,384,385,21.02,20.16,21.02,20.49,42.5,38,0,16.53,0,0,1,3213
386,385,384,386,21.41,20.59,21.41,20.91,42.5,38,0,16.53,0,0,1,3213
385,385,384,385,21.41,20.59,21.41,20.91,42.5,38,0,16.52,0,0,1,3213
386,385,384,386,21.16,20.4,21.16,20.65,42.5,38,0,16.52,0,0,1,3213
386,385,384,386,21.47,20.74,21.47,21.08,42.5,38,0,16.52,0,0,1,3213
386,385,384,386,21.32,20.59,21.32,20.91,42.5,38,0,16.52,0,0,1,3213
386,385,383,386,21.41,20.55,21.41,20.87,42.5,38,0,16.52,0,0,1,3213
386,384,383,386,21.41,20.55,21.41,20.87,42.5,38,0,16.52,0,0,1,3213
386,384,383,386,21.23,20.42,21.23,20.79,42.5,38,0,16.52,0,0,1,3213
386,384,383,386,21.23,20.42,21.23,20.79,42.5,38,0,16.52,0,0,1,3213
386,384,383,386,21.23,20.42,21.23,20.79,42.5,38,0,16.52,0,0,1,3213
386,384,384,386,21.23,20.42,21.23,20.79,42.5,38,0,16.52,0,0,1,3213
386,384,384,386,21.25,20.5,21.25,20.79,42.5,38,0,16.51,0,0,1,3213
386,384,384,386,21.4,20.63,21.4,20.87,42.5,38,0,16.51,0,0,1,3213
386,384,384,386,21.46,20.65,21.46,20.89,42.5,38,0,16.51,0,0,1,3213
386,384,384,386,21.46,20.65,21.46,20.89,42.5,38,0,16.51,0,0,1,3213
386,384,384,386,21.6,20.86,21.6,21.06,42.5,38,0,16.51,0,0,1,3213
386,384,384,386,21.21,20.44,21.21,20.68,42.5,38,0,16.51,0,0,1,3213
386,384,384,386,21.21,20.44,21.21,20.68,42.5,38,0,16.51,0,0,1,3213
386,384,384,386,21.57,20.87,21.57,21.1,42.5,38,0,16.51,0,0,1,3213
385,384,384,385,21.27,20.53,21.27,20.76,42.5,38,0,16.51,0,0,1,3213
386,384,385,386,21.27,20.53,21.27,20.76,42.5,38,0,16.51,0,0,1,3213
386,384,385,386,21.15,20.44,21.15,20.6,42.5,38,0,16.51,0,0,1,3213
386,384,385,386,21.19,20.48,21.19,20.74,42.5,38,0,16.51,0,0,1,3213
385,384,385,385,21.19,20.48,21.19,20.74,42.5,38,0,16.51,0,0,1,3213
385,384,385,385,21.19,20.47,21.19,20.66,42.5,38,0,16.51,0,0,1,3213
385,384,384,385,21.61,20.92,21.61,21.09,42.5,38,0,16.51,0,0,1,3213
385,384,384,385,21.23,20.5,21.23,20.73,42.5,38,0,16.51,0,0,1,3213
385,384,384,385,21.23,20.5,21.23,20.73,42.5,38,0,16.51,0,0,1,3213
385,384,384,385,21.61,20.85,21.61,21.12,42.5,38,0,16.5,0,0,1,3213
385,385,384,385,21.4,20.68,21.4,20.89,42.5,38,0,16.5,0,0,1,3213
385,385,384,385,21.4,20.68,21.4,20.89,42.5,38,0,16.5,0,0,1,3213
385,385,384,385,21.36,20.54,21.36,20.84,42.5,38,0,16.5,0,0,1,3213
385,385,384,385,21.6,20.83,21.6,21.07,42.5,38,0,16.5,0,0,1,3213
385,385,384,385,21.6,20.83,21.6,21.07,42.5,38,0,16.5,0,0,1,3213
385,385,384,385,21.19,20.37,21.19,20.65,42.5,38,0,16.49,0,0,1,3213
385,385,384,385,21.3,20.48,21.3,20.72,42.5,38,0,16.49,0,0,1,3213
385,385,384,385,21.3,20.48,21.3,20.72,42.5,38,0,16.49,0,0,1,3213
385,385,384,385,21.14,20.4,21.14,20.62,42.5,38,0,16.49,0,0,1,3213
386,385,384,386,21.31,20.51,21.31,20.86,42.5,38,0,16.49,0,0,1,3213
385,385,384,385,21.41,20.63,21.41,20.96,42.5,38,0,16.49,0,0,1,3213
386,385,384,386,21.41,20.63,21.41,20.96,42.5,38,0,16.49,0,0,1,3213
386,385,384,386,21.38,20.53,21.38,20.85,42.5,38,0,16.49,0,0,1,3213
386,385,384,386,21.63,20.89,21.63,21.12,42.5,38,0,16.49,0,0,1,3213
386,385,384,386,21.63,20.89,21.63,21.12,42.5,38,0,16.49,0,0,1,3213
386,385,384,386,21.24,20.47,21.24,20.74,42.5,38,0,16.48,0,0,1,3213
386,385,384,386,21.52,20.76,21.52,20.98,42.5,38,0,16.48,0,0,1,3213
386,385,384,386,21.52,20.76,21.52,20.98,42.5,38,0,16.48,0,0,1,3213
386,385,384,386,21.48,20.79,21.48,21,42.5,38,0,16.48,0,0,1,3213
386,385,384,386,21.28,20.52,21.28,20.76,42.5,38,0,16.48,0,0,1,3213
386,384,384,386,21.28,20.52,21.28,20.76,42.5,38,0,16.47,0,0,1,3213
386,384,384,386,21.33,20.66,21.33,20.88,42.5,38,0,16.47,0,0,1,3213
386,384,384,386,21.01,20.28,21.01,20.54,42.5,38,0,16.47,0,0,1,3213
386,384,384,386,21.27,20.56,21.27,20.71,42.5,38,0,16.47,0,0,1,3213
386,384,385,386,21.27,20.56,21.27,20.73,42.5,38,0,16.46,0,0,1,3213
386,384,385,386,21.18,20.46,21.18,20.66,42.5,38,0,16.46,0,0,1,3213
386,384,385,386,21.48,20.77,21.48,20.93,42.5,38,0,16.46,0,0,1,3213
386,384,385,386,21.48,20.77,21.48,20.93,42.5,38,0,16.46,0,0,1,3213
385,384,384,385,21.54,20.85,21.54,21.03,42.5,38,0,16.46,0,0,1,3213
385,384,384,385,21.27,20.51,21.27,20.76,42.5,38,0,16.46,0,0,1,3213
385,384,384,385,21.27,20.51,21.27,20.76,42.5,38,0,16.46,0,0,1,3213
385,384,384,385,21.53,20.78,21.53,21.06,42.5,38,0,16.45,0,0,1,3213
385,384,384,385,21.35,20.58,21.35,20.85,42.5,38,0,16.45,0,0,1,3213
385,384,385,385,21.35,20.58,21.35,20.85,42.5,38,0,16.45,0,0,1,3213
385,385,385,385,21.56,20.75,21.56,21.07,42.5,37,0,16.45,0,0,1,3213
385,385,385,385,21.37,20.59,21.37,20.84,42.5,37,0,16.44,0,0,1,3213
385,385,385,385,21.37,20.59,21.37,20.84,42.5,37,0,16.44,0,0,1,3213
385,385,385,385,21.15,20.28,21.15,20.6,42.5,37,0,16.44,0,0,1,3213
385,385,385,385,21.15,20.28,21.15,20.6,42.5,37,0,16.44,0,0,1,3213
385,385,384,385,21.15,20.28,21.15,20.6,42.5,37,0,16.44,0,0,1,3213
385,385,384,385,21.15,20.28,21.15,20.6,42.5,37,0,16.44,0,0,1,3213
385,385,384,385,21.54,20.73,21.54,21,42.5,37,0,16.43,0,0,1,3213
385,385,384,385,21.54,20.73,21.54,21,42.5,37,0,16.43,0,0,1,3213
385,385,384,385,21.19,20.45,21.19,20.67,42.5,37,0,16.43,0,0,1,3213
385,385,384,385,21.2,20.34,21.2,20.68,43.1,37,0,16.43,0,0,1,3213
385,385,384,385,21.22,20.43,21.22,20.72,43.1,37,0,16.43,0,0,1,3213
386,385,384,386,21.18,20.45,21.18,20.65,43.1,37,0,16.42,0,0,1,3213
386,385,384,386,21.41,20.51,21.41,20.8,43.1,37,0,16.42,0,0,1,3213
386,385,384,386,21.41,20.51,21.41,20.8,43.1,37,0,16.42,0,0,1,3213
386,385,384,386,21.41,20.51,21.41,20.8,43.1,37,0,16.41,0,0,1,3213
386,385,384,386,21.41,20.51,21.41,20.8,43.1,37,0,16.41,0,0,1,3213
386,385,384,386,21.63,20.83,21.63,21.06,43.1,37,0,16.4,0,0,1,3213
386,385,384,386,20.65,19.87,20.65,20.1,43.1,37,0,16.4,0,0,1,3213
386,384,384,386,21.39,20.63,21.39,20.87,43.1,37,0,16.4,0,0,1,3213
386,384,384,386,21.26,20.48,21.26,20.74,43.1,37,0,16.4,0,0,1,3213
386,384,384,386,21.26,20.48,21.26,20.74,43.1,37,0,16.4,0,0,1,3213
386,384,384,386,21.54,20.82,21.54,21.06,43.1,37,0,16.4,0,0,1,3213
386,384,384,386,21.03,20.31,21.03,20.57,43.1,37,0,16.39,0,0,1,3213
386,384,384,386,21.24,20.51,21.24,20.8,43.1,37,0,16.39,0,0,1,3213
386,384,384,386,21.24,20.51,21.24,20.8,43.1,37,0,16.39,0,0,1,3213
386,384,384,386,21.04,20.37,21.04,20.62,43.1,37,0,16.39,0,0,1,3213
386,384,385,386,21.41,20.74,21.41,20.89,43.1,37,0,16.38,0,0,1,3213
386,384,385,386,21.41,20.74,21.41,20.89,43.1,37,0,16.38,0,0,1,3213
386,384,385,386,21.47,20.8,21.47,20.97,43.1,37,0,16.38,0,0,1,3213
386,384,385,386,21.37,20.6,21.37,20.9,43.1,37,0,16.38,0,0,1,3213
386,384,385,386,21.61,20.9,21.61,21.13,43.1,37,0,16.38,0,0,1,3213
386,384,385,386,21.61,20.9,21.61,21.13,43.1,37,0,16.37,0,0,1,3213
385,384,385,385,21.16,20.41,21.16,20.67,43.1,37,0,16.37,0,0,1,3213
385,385,385,385,21.16,20.41,21.16,20.67,43.1,37,0,16.37,0,0,1,3213
385,385,385,385,21.51,20.69,21.51,21.02,43.1,37,0,16.37,0,0,1,3213
385,385,385,385,21.44,20.68,21.44,20.95,43.1,37,0,16.37,0,0,1,3213
385,385,385,385,21.44,20.68,21.44,20.95,43.1,37,0,16.37,0,0,1,3213
385,385,385,385,21.2,20.35,21.2,20.68,43.1,37,0,16.37,0,0,1,3213
385,385,384,385,21.41,20.63,21.41,20.88,43.1,37,0,16.37,0,0,1,3213
385,385,384,385,21.41,20.63,21.41,20.88,43.1,37,0,16.37,0,0,1,3213
385,385,384,385,20.95,20.18,20.95,20.46,43.1,37,0,16.36,0,0,1,3213
385,385,384,385,21.39,20.64,21.39,21.01,43.1,37,0,16.36,0,0,1,3213
385,385,384,385,21.21,20.4,21.21,20.77,43.1,37,0,16.36,0,0,1,3213
385,385,384,385,21.21,20.44,21.21,20.77,43.1,37,0,16.36,0,0,1,3213
385,385,383,385,21.61,20.79,21.61,21.1,43.1,37,0,16.36,0,0,1,3213
385,385,383,385,21.61,20.84,21.61,21.1,43.1,37,0,16.36,0,0,1,3213
385,385,383,385,21.61,20.84,21.61,21.1,43.1,37,0,16.36,0,0,1,3213
385,385,383,385,21.16,20.41,21.16,20.65,43.1,37,0,16.35,0,0,1,3213
386,385,384,386,21.56,20.89,21.56,21.07,43.1,37,0,16.35,0,0,1,3213
386,385,383,386,21.56,20.89,21.56,21.07,43.1,37,0,16.35,0,0,1,3213
386,385,384,386,21.28,20.61,21.28,20.79,43.1,37,0,16.35,0,0,1,3213
386,385,384,386,21.39,20.7,21.39,20.89,43.1,37,0,16.35,0,0,1,3213
386,384,384,386,21.39,20.7,21.39,20.89,43.1,37,0,16.35,0,0,1,3213
386,384,384,386,21.35,20.69,21.35,20.88,43.1,37,0,16.35,0,0,1,3213
386,384,384,386,21.09,20.32,21.09,20.48,43.1,37,0,16.35,0,0,1,3213
386,384,384,386,21.29,20.57,21.29,20.67,43.1,37,0,16.34,0,0,1,3213
386,384,384,386,21.29,20.57,21.29,20.69,43.1,37,0,16.34,0,0,1,3213
386,384,384,386,21.12,20.39,21.12,20.55,43.1,37,0,16.34,0,0,1,3213
386,384,384,386,21.6,20.9,21.6,21.08,43.1,37,0,16.33,0,0,1,3213
386,384,385,386,21.6,20.9,21.6,21.08,43.1,37,0,16.33,0,0,1,3213
386,384,385,386,21.41,20.7,21.41,20.9,43.1,37,0,16.33,0,0,1,3213
386,384,385,386,21.37,20.66,21.37,20.92,43.1,37,0,16.33,0,0,1,3213
386,384,385,386,21.37,20.66,21.37,20.92,43.1,37,0,16.33,0,0,1,3213
385,384,385,385,21.55,20.85,21.55,21.1,43.1,37,0,16.33,0,0,1,3213
385,384,385,385,21.25,20.48,21.25,20.76,43.1,37,0,16.33,0,0,1,3213
385,384,385,385,21.25,20.48,21.25,20.76,43.1,37,0,16.33,0,0,1,3213
385,384,385,385,21.57,20.81,21.57,21.07,43.1,37,0,16.33,0,0,1,3213
385,384,385,385,21.39,20.68,21.39,20.9,43.1,37,0,16.32,0,0,1,3213
385,384,385,385,21.39,20.68,21.39,20.9,43.1,37,0,16.32,0,0,1,3213
385,385,385,385,21.41,20.65,21.41,20.92,43.1,37,0,16.32,0,0,1,3213
385,385,384,385,21.4,20.67,21.4,20.87,43.1,37,0,16.32,0,0,1,3213
385,385,384,385,21.4,20.67,21.4,20.87,43.1,37,0,16.32,0,0,1,3213
385,385,384,385,21.21,20.41,21.21,20.69,43.1,37,0,16.31,0,0,1,3213
385,385,384,385,21.4,20.63,21.4,20.88,43.1,37,0,16.31,0,0,1,3213
385,385,384,385,20.94,20.1,20.94,20.5,43.1,37,0,16.31,0,0,1,3213
385,385,384,385,21.12,20.4,21.12,20.58,43.1,37,0,16.31,0,0,1,3213
385,385,384,385,21.32,20.58,21.32,20.88,43.1,37,0,16.31,0,0,1,3213
385,385,384,385,21.16,20.39,21.16,20.71,43.1,37,0,16.31,0,0,1,3213
385,385,384,385,21.16,20.39,21.16,20.71,43.1,37,0,16.31,0,0,1,3213
386,385,384,386,21.46,20.63,21.46,20.94,43.1,37,0,16.31,0,0,1,3213
386,385,384,386,21.61,20.89,21.61,21.12,43.1,37,0,16.31,0,0,1,3213
386,385,384,386,21.15,20.42,21.15,20.61,43.1,37,0,16.3,0,0,1,3213
386,385,384,386,21.42,20.62,21.42,20.87,43.1,37,0,16.3,0,0,1,3213
386,385,384,386,21.51,20.8,21.51,21,43.1,37,0,16.3,0,0,1,3213
386,385,384,386,21.51,20.8,21.51,21,43.1,37,0,16.3,0,0,1,3213
386,385,384,386,21.25,20.56,21.25,20.79,43.1,37,0,16.3,0,0,1,3213
386,385,384,386,21.37,20.68,21.37,20.89,43.1,37,0,16.3,0,0,1,3213
386,385,384,386,21.37,20.71,21.37,20.91,43.1,37,0,16.3,0,0,1,3213
386,385,384,386,21.37,20.71,21.37,20.91,43.1,37,0,16.3,0,0,1,3213
386,385,384,386,21.11,20.39,21.11,20.66,43.1,37,0,16.29,0,0,1,3213
386,384,384,386,21.25,20.57,21.25,20.69,43.1,37,0,16.29,0,0,1,3213
386,384,384,386,21.25,20.57,21.25,20.78,43.1,37,0,16.29,0,0,1,3213
386,384,384,386,21.06,20.35,21.06,20.48,43.1,37,0,16.29,0,0,1,3213
386,384,384,386,21.46,20.8,21.46,20.91,43.1,37,0,16.29,0,0,1,3213
386,384,384,386,21.46,20.8,21.46,20.91,43.1,37,0,16.29,0,0,1,3213
386,384,385,386,21.41,20.71,21.41,20.88,43.1,37,0,16.28,0,0,1,3213
386,384,385,386,21.58,20.86,21.58,21.08,43.1,37,0,16.28,0,0,1,3213
386,384,385,386,21.58,20.86,21.58,21.08,43.1,37,0,16.28,0,0,1,3213
386,384,385,386,21.54,20.86,21.54,21.05,43.1,37,0,16.28,0,0,1,3213
385,384,385,385,21.24,20.45,21.24,20.72,43.1,37,0,16.28,0,0,1,3213
385,384,384,385,21.24,20.45,21.24,20.72,43.1,37,0,16.28,0,0,1,3213
385,384,385,385,21.5,20.78,21.5,21.03,43.1,37,0,16.27,0,0,1,3213
385,384,385,385,21.26,20.55,21.26,20.76,43.1,37,0,16.27,0,0,1,3213
385,384,384,385,21.26,20.55,21.26,20.76,43.1,37,0,16.27,0,0,1,3213
385,384,384,385,21.41,20.57,21.41,20.87,43.1,37,0,16.27,0,0,1,3213
385,384,384,385,21.29,20.56,21.29,20.79,43.1,37,0,16.27,0,0,1,3213
385,384,384,385,21.29,20.56,21.29,20.79,43.1,37,0,16.27,0,0,1,3213
385,385,384,385,21.11,20.35,21.11,20.69,43.1,37,0,16.26,0,0,1,3213
385,385,385,385,21.33,20.63,21.33,20.91,43.1,37,0,16.26,0,0,1,3213
385,385,384,385,21.25,20.5,21.25,20.77,43.1,37,0,16.26,0,0,1,3213
385,385,384,385,21.25,20.5,21.25,20.77,43.1,37,0,16.26,0,0,1,3213
385,385,384,385,21.71,20.94,21.71,21.19,43.1,37,0,16.26,0,0,1,3213
385,385,384,385,21.43,20.71,21.43,20.9,43.1,37,0,16.25,0,0,1,3213
385,385,384,385,21.43,20.71,21.43,20.9,43.1,37,0,16.25,0,0,1,3213
385,385,384,385,21.44,20.69,21.44,20.88,43.1,37,0,16.25,0,0,1,3213
386,385,384,386,21.5,20.81,21.5,21,43.1,37,0,16.25,0,0,1,3213
386,385,384,386,20.76,20.06,20.76,20.25,43.1,37,0,16.25,0,0,1,3213
386,385,384,386,21.15,20.44,21.15,20.67,43.1,37,0,16.24,0,0,1,3213
386,385,384,386,21.53,20.82,21.53,21.04,43.1,37,0,16.24,0,0,1,3213
386,385,384,386,21.53,20.82,21.53,21.04,43.1,37,0,16.24,0,0,1,3213
386,385,384,386,21.23,20.52,21.23,20.76,43.1,37,0,16.24,0,0,1,3213
386,385,384,386,21.31,20.54,21.31,20.7,43.1,37,0,16.24,0,0,1,3213
386,385,384,386,21.16,20.45,21.16,20.6,43.1,37,0,16.24,0,0,1,3213
386,384,384,386,21.19,20.5,21.19,20.74,43.1,37,0,16.24,0,0,1,3213
386,384,384,386,21.35,20.61,21.35,20.82,43.1,37,0,16.24,0,0,1,3213
386,384,384,386,21.64,20.98,21.64,21.16,43.1,37,0,16.23,0,0,1,3213
386,384,384,386,21.64,20.98,21.64,21.16,43.1,37,0,16.23,0,0,1,3213
386,384,384,386,21.28,20.56,21.28,20.8,43.1,37,0,16.23,0,0,1,3213
386,384,384,386,21.42,20.82,21.42,20.97,43.1,37,0,16.23,0,0,1,3213
386,384,384,386,20.88,20.15,20.88,20.48,43.1,37,0,16.22,0,0,1,3213
386,384,384,386,20.88,20.15,20.88,20.48,43.1,37,0,16.22,0,0,1,3213
386,384,385,386,20.88,20.15,20.88,20.48,43.1,37,0,16.22,0,0,1,3213
386,384,385,386,20.88,20.15,20.88,20.48,43.1,37,0,16.22,0,0,1,3213
386,384,385,386,21.67,20.98,21.67,21.24,43.1,37,0,16.22,0,0,1,3213
386,384,385,386,21.67,20.98,21.67,21.24,43.1,37,0,16.22,0,0,1,3213
386,384,385,386,21.67,20.98,21.67,21.24,43.1,37,0,16.22,0,0,1,3213
386,384,385,386,21.67,20.98,21.67,21.24,43.1,37,0,16.21,0,0,1,3213
386,385,385,386,21.24,20.53,21.24,20.78,43.1,37,0,16.21,0,0,1,3213
385,384,385,385,20.93,20.22,20.93,20.59,43.1,37,0,16.21,0,0,1,3213
385,385,385,385,21.25,20.43,21.25,20.75,43.1,37,0,16.21,0,0,1,3213
385,385,385,385,21.44,20.68,21.44,20.92,43.1,37,0,16.21,0,0,1,3213
385,384,384,385,21.44,20.68,21.44,20.92,43.1,37,0,16.2,0,0,1,3213
385,384,384,385,21.44,20.63,21.44,20.99,43.1,37,0,16.19,0,0,1,3213
385,384,384,385,21.44,20.63,21.44,20.99,43.1,37,0,16.19,0,0,1,3213
385,384,384,385,21.08,20.26,21.08,20.6,43.1,37,0,16.19,0,0,1,3213
385,384,384,385,21.08,20.26,21.08,20.6,43.1,37,0,16.19,0,0,1,3213
385,385,384,385,21.57,20.79,21.57,21.07,43.1,37,0,16.19,0,0,1,3213
385,385,384,385,20.83,20.06,20.83,20.31,43.1,37,0,16.19,0,0,1,3213
385,385,384,385,20.83,20.06,20.83,20.31,43.1,37,0,16.18,0,0,1,3213
385,385,384,385,20.83,20.06,20.83,20.31,43.1,37,0,16.18,0,0,1,3213
385,385,383,385,21.58,20.9,21.58,21.11,43.1,37,0,16.18,0,0,1,3213
385,385,384,385,21.58,20.9,21.58,21.11,43.1,37,0,16.17,0,0,1,3213
385,385,384,385,21.11,20.38,21.11,20.62,43.1,37,0,16.17,0,0,1,3213
386,385,384,386,21.32,20.67,21.32,20.9,43.1,37,0,16.17,0,0,1,3213
386,385,384,386,21.29,20.62,21.29,20.87,43.1,37,0,16.17,0,0,1,3213
386,385,384,386,21.29,20.62,21.29,20.87,43.1,37,0,16.17,0,0,1,3213
386,385,384,386,21.21,20.51,21.21,20.67,43.1,37,0,16.17,0,0,1,3213
386,385,384,386,21.26,20.62,21.26,20.74,43.1,37,0,16.16,0,0,1,3213
387,385,384,387,21.26,20.62,21.26,20.74,43.1,37,0,16.16,0,0,1,3213
387,385,384,387,21.05,20.37,21.05,20.56,43.1,37,0,16.16,0,0,1,3213
387,385,384,387,21.52,20.86,21.52,21.06,43.1,37,0,16.16,0,0,1,3213
387,385,384,387,21.29,20.59,21.29,20.83,43.1,37,0,16.16,0,0,1,3213
386,385,384,386,21.29,20.59,21.29,20.83,43.1,37,0,16.16,0,0,1,3213
387,385,384,387,21.62,20.88,21.62,21.16,43.1,37,0,16.15,0,0,1,3213
387,385,384,387,21.62,20.88,21.62,21.16,43.1,37,0,16.14,0,0,1,3213
386,384,384,386,21.55,20.82,21.55,21.08,43.1,37,0,16.13,0,0,1,3213
386,384,384,386,21.24,20.43,21.24,20.75,43.1,37,0,16.13,0,0,1,3213
386,384,385,386,21.24,20.43,21.24,20.75,43.1,37,0,16.13,0,0,1,3213
386,384,385,386,21.38,20.65,21.38,20.89,43.1,37,0,16.13,0,0,1,3213
386,384,385,386,21.23,20.47,21.23,20.73,43.1,37,0,16.13,0,0,1,3213
386,384,385,386,21.23,20.5,21.23,20.83,43.1,37,0,16.12,0,0,1,3213
386,384,385,386,21.39,20.59,21.39,20.87,43.1,37,0,16.12,0,0,1,3213
385,384,385,385,21.17,20.43,21.17,20.68,43.1,37,0,16.12,0,0,1,3213
385,384,385,385,21.29,20.47,21.29,20.82,43.1,37,0,16.12,0,0,1,3213
385,384,385,385,21.29,20.47,21.29,20.82,43.1,37,0,16.11,0,0,1,3213
385,385,385,385,21.45,20.72,21.45,20.99,43.1,37,0,16.11,0,0,1,3213
385,385,385,385,21.33,20.5,21.33,20.81,43.1,37,0,16.11,0,0,1,3213
385,385,385,385,21.33,20.5,21.33,20.81,43.1,37,0,16.11,0,0,1,3213
385,385,385,385,21.64,20.92,21.64,21.15,43.1,37,0,16.1,0,0,1,3213
385,385,385,385,21.44,20.72,21.44,20.95,43.1,37,0,16.09,0,0,1,3213
385,385,385,385,21.44,20.72,21.44,20.95,43.1,37,0,16.09,0,0,1,3213
385,385,384,385,21.42,20.65,21.42,20.89,43.1,37,0,16.09,0,0,1,3213
385,385,384,385,21.36,20.66,21.36,20.87,43.1,37,0,16.09,0,0,1,3213
385,385,384,385,21.36,20.66,21.36,20.87,43.1,37,0,16.09,0,0,1,3213
385,385,384,385,21.23,20.49,21.23,20.73,43.1,37,0,16.09,0,0,1,3213
385,385,384,385,21.41,20.72,21.41,20.93,43.1,37,0,16.09,0,0,1,3213
385,385,384,385,21.41,20.72,21.41,20.93,43.1,37,0,16.08,0,0,1,3213
385,385,384,385,21.04,20.32,21.04,20.54,43.1,37,0,16.06,0,0,1,3213
385,385,384,385,21.32,20.63,21.32,20.76,43.1,37,0,16.06,0,0,1,3213
385,385,384,385,21.23,20.53,21.23,20.7,43.1,37,0,16.06,0,0,1,3213
385,385,384,385,21.23,20.53,21.23,20.76,43.1,37,0,16.06,0,0,1,3213
386,385,384,386,21.11,20.37,21.11,20.67,43.1,37,0,16.05,0,0,1,3213
386,385,383,386,21.22,20.6,21.22,20.72,43.1,37,0,16.04,0,0,1,3213
386,385,383,386,21.34,20.66,21.34,20.9,43.1,37,0,16.04,0,0,1,3213
386,385,384,386,21.24,20.57,21.24,20.75,43.1,37,0,16.04,0,0,1,3213
386,384,384,386,21.38,20.73,21.38,20.93,43.1,37,0,16.04,0,0,1,3213
386,384,384,386,21.38,20.73,21.38,20.93,43.1,37,0,16.04,0,0,1,3213
386,384,383,386,21.26,20.55,21.26,20.77,43.1,37,0,16.03,0,0,1,3213
386,384,384,386,21.52,20.79,21.52,21.04,43.1,37,0,16.03,0,0,1,3213
386,384,384,386,20.69,19.89,20.69,20.19,43.1,37,0,16.01,0,0,1,3213
386,384,384,386,21.54,20.81,21.54,21.06,43.1,37,0,16.01,0,0,1,3213
386,384,384,386,21.43,20.6,21.43,20.87,43.1,37,0,16.01,0,0,1,3213
386,384,384,386,21.43,20.6,21.43,20.87,43.1,37,0,16.01,0,0,1,3213
386,384,384,386,21.56,20.82,21.56,21.07,43.1,37,0,16.01,0,0,1,3213
386,384,384,386,21.12,20.4,21.12,20.59,43.1,37,0,16.01,0,0,1,3213
386,384,385,386,21.12,20.4,21.12,20.59,43.1,37,0,16,0,0,1,3213
386,384,385,386,21.44,20.66,21.44,20.87,43.1,37,0,16,0,0,1,3213
386,384,385,386,21.02,20.27,21.02,20.62,43.1,37,0,15.97,0,0,1,3213
386,384,385,386,21.02,20.27,21.02,20.62,43.1,37,0,15.97,0,0,1,3213
385,384,385,385,21.02,20.27,21.02,20.62,43.1,37,0,15.96,0,0,1,3213
385,384,385,385,21.29,20.58,21.29,20.8,43.1,37,0,15.96,0,0,1,3213
385,385,385,385,21.24,20.47,21.24,20.71,43.1,37,0,15.96,0,0,1,3213
385,385,385,385,21.64,20.86,21.64,21.14,43.1,37,0,15.96,0,0,1,3213
385,385,385,385,21.64,20.86,21.64,21.14,43.1,37,0,15.95,0,0,1,3213
385,385,385,385,21.34,20.58,21.34,20.87,43.1,37,0,15.95,0,0,1,3213
385,385,385,385,21.65,20.87,21.65,21.17,43.1,37,0,15.92,0,0,1,3213
385,385,385,385,21.65,20.87,21.65,21.17,43.1,37,0,15.89,0,0,1,3213
385,385,385,385,21.51,20.79,21.51,21.05,43.1,37,0,15.86,0,0,1,3213
385,385,384,385,21.51,20.79,21.51,21.05,43.1,37,0,15.83,0,0,1,3213
385,385,384,385,21.04,20.28,21.04,20.61,43.1,37,0,15.83,0,0,1,3213
385,385,384,385,21.46,20.73,21.46,21.02,43.1,37,0,15.76,0,0,1,3213
385,385,384,385,21.13,20.41,21.13,20.71,43.1,37,0,15.76,0,0,1,3213
385,385,384,385,21.41,20.72,21.41,20.88,43.1,37,0,15.76,0,0,1,3213
385,385,384,385,21.41,20.72,21.41,20.88,43.1,37,0,15.7,0,0,1,3213
386,385,384,386,21.17,20.48,21.17,20.69,43.1,37,0,15.7,0,0,1,3213
386,385,384,386,21.24,20.53,21.24,20.83,43.1,37,0,15.68,0,0,1,3213
386,385,384,386,21.35,20.62,21.35,20.9,43.1,37,0,15.68,0,0,1,3213
386,385,384,386,21.49,20.83,21.49,21.06,43.1,37,0,15.57,0,0,1,3213
386,385,384,386,21.24,20.49,21.24,20.78,43.1,37,0,15.56,0,0,1,3213
386,385,384,386,21.24,20.49,21.24,20.78,43.1,37,0,15.56,0,0,1,3213
386,384,384,386,21.77,21.01,21.77,21.34,43.1,37,0,15.56,0,0,1,3213
386,384,384,386,21.77,21.01,21.77,21.34,43.1,37,0,15.56,0,0,1,3213
386,384,384,386,21.4,20.71,21.4,20.98,43.1,37,0,15.56,0,0,1,3213
386,384,384,386,21.25,20.42,21.25,20.79,43.1,37,0,15.56,0,0,1,3213
386,384,384,386,21.52,20.76,21.52,21.06,43.1,37,0,15.56,0,0,1,3213
386,384,384,386,21.52,20.76,21.52,21.06,43.1,37,0,15.56,0,0,1,3213
386,384,384,386,21.03,20.26,21.03,20.58,43.1,37,0,15.56,0,0,1,3213
386,384,384,386,21.24,20.54,21.24,20.93,43.1,37,0,15.56,0,0,1,3213
386,384,385,386,21.36,20.56,21.36,20.93,43.1,37,0,15.56,0,0,1,3213
386,384,385,386,21.19,20.44,21.19,20.74,43.1,37,0,15.56,0,0,1,3213
385,384,384,385,21.51,20.71,21.51,21.07,43.1,37,0,15.56,0,0,1,3213
385,384,384,385,21.51,20.71,21.51,21.07,43.1,37,0,15.56,0,0,1,3213
385,384,384,385,21.34,20.56,21.34,20.94,43.1,37,0,15.56,0,0,1,3213
385,384,384,385,21.33,20.48,21.33,20.85,43.1,37,0,15.56,0,0,1,3213
385,384,384,385,21.33,20.48,21.33,20.85,43.1,37,0,15.56,0,0,1,3213
385,384,384,385,21.74,20.98,21.74,21.28,43.1,37,0,15.56,0,0,1,3213
385,384,384,385,21.3,20.55,21.3,20.85,43.1,37,0,15.56,0,0,1,3213
385,384,385,385,21.3,20.55,21.3,20.85,42.6,37,0,15.56,0,0,1,3213
385,385,385,385,21.42,20.68,21.42,20.94,42.6,37,0,15.56,0,0,1,3213
385,385,385,385,21.38,20.7,21.38,20.94,42.6,37,0,15.56,0,0,1,3213
385,385,384,385,21.38,20.7,21.38,20.94,42.6,37,0,15.56,0,0,1,3213
385,385,384,385,21.1,20.36,21.1,20.63,42.6,37,0,15.56,0,0,1,3213
385,385,384,385,21.66,20.96,21.66,21.23,42.6,37,0,15.51,0,0,1,3213
385,385,384,385,21.66,20.96,21.66,21.23,42.6,37,0,15.51,0,0,1,3213
385,385,384,385,21.22,20.49,21.22,20.79,42.6,37,0,15.34,0,0,1,3213
385,385,384,385,21.33,20.64,21.33,20.92,42.6,37,0,15.34,0,0,1,3213
385,385,384,385,21.33,20.64,21.33,20.92,42.6,37,0,15.34,0,0,1,3213
385,385,384,385,21.18,20.46,21.18,20.78,42.6,37,0,15.34,0,0,1,3213
385,385,384,385,21.17,20.5,21.17,20.7,42.6,37,0,15.34,0,0,1,3213
385,385,384,385,21.24,20.61,21.24,20.79,42.6,37,0,15.34,0,0,1,3213
385,385,384,385,21.24,20.61,21.24,20.79,42.6,37,0,15.34,0,0,1,3213
386,385,384,386,21.22,20.53,21.22,20.81,42.6,37,0,15.34,0,0,1,3213
